comment_id,subreddit,account_age_days,user_karma,reply_delay_seconds,sentiment_score,avg_word_length,contains_links,is_bot_flag,bot_type_label,bot_probability,comment_date
t1_3148938807,funny,2264.0,34192,1854,-0.6,4.62,False,False,None (Human),0.093,2024-01-01 04:23:15
t1_2516748923,gaming,1654.0,2812,1033,0.15,5.84,False,False,None (Human),0.117,2024-01-02 14:14:05
t1_833922318,politics,2442.0,37109,2703,0.35,5.73,False,False,None (Human),0.115,2024-01-05 01:19:51
t1_3987809057,funny,168.0,32997,2811,-0.74,4.58,False,False,None (Human),0.094,2024-01-06 09:14:02
t1_3931039688,gaming,801.0,25088,1721,-0.96,5.78,False,False,None (Human),0.116,2024-01-07 09:43:27
t1_1823344980,gaming,1333.0,17813,3237,0.93,4.08,False,False,None (Human),0.082,2024-01-09 20:51:53
t1_2200198198,funny,2582.0,46483,1084,0.98,5.33,False,False,None (Human),0.107,2024-01-10 22:18:27
t1_2829662417,gaming,380.0,6760,622,-0.42,4.72,False,False,None (Human),0.096,2024-01-12 14:13:49
t1_2850096997,funny,2916.0,17095,3486,0.44,4.56,False,False,None (Human),0.091,2024-01-14 08:42:27
t1_4076684298,worldnews,2797.0,43817,2,-0.15,6.05,True,True,AI Summarizer,0.254,2024-01-15 10:24:53
t1_3646981088,gaming,2738.0,14889,3283,-0.13,4.19,False,False,None (Human),0.084,2024-01-17 07:22:25
t1_2715486856,funny,2669.0,16247,2,0.98,7.11,True,True,Reprint Bot,0.276,2024-01-19 04:37:42
t1_2264612760,funny,1.0,27834,8,-0.88,5.7,True,True,Engagement Farmer,0.358,2024-01-20 17:57:26
t1_1411571710,politics,1785.0,41990,1779,-0.31,4.69,False,False,None (Human),0.094,2024-01-21 14:09:41
t1_208296852,politics,1491.0,23803,1944,0.94,5.23,False,False,None (Human),0.105,2024-01-23 20:32:12
t1_704509904,technology,169.0,25925,1195,-0.28,4.94,False,False,None (Human),0.101,2024-01-25 11:25:38
t1_3036848062,pics,453.0,46330,8,-0.05,7.32,True,True,Reprint Bot,0.192,2024-01-27 01:58:14
t1_1944371308,pics,1474.0,33597,2651,-0.27,5.86,False,False,None (Human),0.118,2024-01-28 16:48:43
t1_781277218,politics,1540.0,18044,2401,0.8,4.35,False,False,None (Human),0.087,2024-01-29 13:24:11
t1_1004448369,technology,2631.0,36598,1,0.71,6.43,False,True,Reprint Bot,0.329,2024-02-01 01:00:29
t1_781177382,technology,455.0,2681,126,0.03,4.17,False,False,None (Human),0.087,2024-02-02 06:50:18
t1_3722968228,politics,5.0,32774,9,-0.98,7.07,True,True,AI Summarizer,0.248,2024-02-04 05:36:41
t1_3933595696,technology,1321.0,16590,2836,-0.47,4.77,False,False,None (Human),0.096,2024-02-05 03:52:55
t1_3236808658,funny,702.0,48078,679,0.84,4.34,False,False,None (Human),0.088,2024-02-07 05:53:20
t1_2296493102,funny,533.0,48056,5,-0.46,6.78,True,True,Engagement Farmer,0.203,2024-02-08 07:01:51
t1_1953599231,technology,118.0,24044,172,-0.51,4.53,False,False,None (Human),0.096,2024-02-10 13:21:57
t1_2806905670,pics,1359.0,45490,1790,-0.84,5.18,False,False,None (Human),0.104,2024-02-11 09:00:55
t1_1956762188,gaming,13.0,36526,8,-0.98,6.63,True,True,AI Summarizer,0.206,2024-02-12 18:39:17
t1_2812423440,funny,2519.0,33500,101,-0.84,5.31,False,False,None (Human),0.11,2024-02-15 00:19:05
t1_3746070198,technology,2945.0,18525,8,-0.22,5.63,True,True,AI Summarizer,0.157,2024-02-16 16:08:26
t1_4012840232,gaming,1.0,11730,2,-0.47,6.6,True,True,AI Summarizer,0.465,2024-02-18 11:23:41
t1_4111683711,gaming,1444.0,15147,144,-0.43,4.47,False,False,None (Human),0.092,2024-02-19 11:48:45
t1_4077737660,technology,261.0,22839,2174,-0.4,5.66,False,False,None (Human),0.115,2024-02-21 10:36:13
t1_1406151306,worldnews,584.0,33358,3,0.65,5.72,True,True,Engagement Farmer,0.215,2024-02-22 21:40:09
t1_1337791316,pics,6.0,14504,3,-0.03,7.17,True,True,Engagement Farmer,0.301,2024-02-24 14:25:12
t1_3825704093,gaming,1578.0,24878,1,-0.51,5.88,True,True,Engagement Farmer,0.318,2024-02-25 18:37:25
t1_745682737,gaming,13.0,4825,7,-0.92,6.94,False,True,Reprint Bot,0.217,2024-02-27 03:01:14
t1_180636690,worldnews,20.0,685,3,-0.5,6.86,True,True,Engagement Farmer,0.256,2024-02-29 09:02:38
t1_3205306129,politics,1731.0,15301,2318,0.89,4.71,False,False,None (Human),0.095,2024-03-01 04:55:41
t1_4263230533,worldnews,942.0,49044,6,-0.57,6.59,True,True,Engagement Farmer,0.189,2024-03-03 05:24:03
t1_2030320729,pics,2832.0,4044,9,0.17,5.62,False,True,Reprint Bot,0.153,2024-03-05 06:04:20
t1_462757602,funny,182.0,20968,3252,-0.11,5.4,False,False,None (Human),0.11,2024-03-06 00:47:15
t1_873402706,politics,2273.0,21069,1572,0.53,4.16,False,False,None (Human),0.084,2024-03-07 14:16:25
t1_352468586,pics,2392.0,17697,9,-0.53,7.08,True,True,AI Summarizer,0.182,2024-03-09 22:22:28
t1_1549776832,politics,2728.0,49395,2650,0.71,5.5,False,False,None (Human),0.11,2024-03-11 03:46:06
t1_2544293252,technology,21.0,4614,4,0.87,6.63,True,True,Reprint Bot,0.231,2024-03-13 03:05:02
t1_1391599444,technology,2375.0,47291,3323,-0.66,5.89,False,False,None (Human),0.118,2024-03-14 02:27:13
t1_619597923,gaming,2405.0,43581,4,-0.72,5.78,False,True,Engagement Farmer,0.196,2024-03-16 04:44:29
t1_716767566,funny,812.0,12373,1639,0.59,5.14,False,False,None (Human),0.104,2024-03-17 06:19:50
t1_2164448891,technology,1870.0,38970,1330,-0.33,5.81,False,False,None (Human),0.117,2024-03-19 03:17:27
t1_2158258684,worldnews,1790.0,29291,185,-0.53,5.44,False,False,None (Human),0.111,2024-03-20 08:33:57
t1_418550074,gaming,1615.0,19513,8,-0.35,6.76,True,True,AI Summarizer,0.18,2024-03-22 16:02:21
t1_204788030,gaming,1406.0,41095,6,0.7,5.57,True,True,Engagement Farmer,0.169,2024-03-23 17:46:09
t1_577371494,funny,9.0,44631,2,-0.35,5.77,True,True,AI Summarizer,0.289,2024-03-25 16:25:56
t1_2578614923,technology,2346.0,24825,10,0.9,7.27,True,True,AI Summarizer,0.182,2024-03-27 07:04:59
t1_1747175626,technology,851.0,35128,2338,0.96,4.48,False,False,None (Human),0.09,2024-03-28 07:11:03
t1_191144476,worldnews,29.0,43518,1,-0.86,6.13,True,True,Reprint Bot,0.336,2024-03-30 10:15:48
t1_453817725,pics,20.0,5555,3,0.43,6.1,False,True,AI Summarizer,0.241,2024-04-01 03:12:46
t1_764479003,technology,1331.0,38725,460,0.56,4.44,False,False,None (Human),0.09,2024-04-02 17:41:56
t1_3827608056,funny,2554.0,34575,3300,0.32,5.25,False,False,None (Human),0.105,2024-04-04 00:29:03
t1_3696500229,funny,7.0,8094,3,-0.97,6.87,False,True,AI Summarizer,0.287,2024-04-05 11:04:51
t1_2618860913,technology,267.0,27942,1916,-0.68,5.85,False,False,None (Human),0.119,2024-04-06 16:26:51
t1_2945469301,gaming,2983.0,40385,1060,0.86,4.26,False,False,None (Human),0.086,2024-04-08 16:27:43
t1_1171606649,worldnews,547.0,45441,884,-0.98,5.24,False,False,None (Human),0.106,2024-04-10 13:51:39
t1_4139044836,pics,21.0,23645,7,0.46,6.89,True,True,Reprint Bot,0.206,2024-04-12 03:31:27
t1_104923241,worldnews,291.0,40254,7,0.29,7.2,True,True,Reprint Bot,0.195,2024-04-13 15:59:19
t1_82688577,politics,1819.0,8948,2663,-0.12,5.12,False,False,None (Human),0.103,2024-04-14 22:01:52
t1_1134760149,worldnews,1595.0,45879,2900,-0.59,5.7,False,False,None (Human),0.114,2024-04-16 10:47:19
t1_6153929,gaming,1703.0,4515,3557,0.22,5.48,False,False,None (Human),0.11,2024-04-17 18:55:52
t1_2845724181,pics,1544.0,25645,4,0.4,6.38,True,True,Engagement Farmer,0.208,2024-04-19 16:56:41
t1_681568574,gaming,4.0,38042,5,0.58,6.89,False,True,AI Summarizer,0.284,2024-04-20 20:00:05
t1_868465281,funny,585.0,5916,209,-0.95,4.89,False,False,None (Human),0.1,2024-04-23 01:09:26
t1_2880613414,pics,1754.0,36641,630,0.44,5.48,False,False,None (Human),0.11,2024-04-24 06:10:08
t1_499290792,gaming,2666.0,44059,1282,-0.14,5.62,False,False,None (Human),0.113,2024-04-25 20:27:26
t1_197624595,politics,2943.0,41492,1408,-0.34,5.28,False,False,None (Human),0.106,2024-04-28 00:16:37
t1_4253316936,worldnews,30.0,32863,2,0.1,7.09,False,True,AI Summarizer,0.288,2024-04-29 16:41:55
t1_3595244807,technology,719.0,45718,951,-0.78,4.81,False,False,None (Human),0.097,2024-04-30 10:16:11
t1_3718038954,technology,496.0,48013,9,0.7,7.24,True,True,Engagement Farmer,0.186,2024-05-02 01:04:33
t1_711120847,politics,2713.0,30275,6,-0.54,5.61,False,True,Reprint Bot,0.169,2024-05-04 05:22:58
t1_814303646,pics,2695.0,15583,8,-0.68,6.05,False,True,Engagement Farmer,0.166,2024-05-05 12:32:39
t1_112814257,gaming,8.0,37817,3,0.94,5.54,False,True,Reprint Bot,0.255,2024-05-06 18:03:36
t1_4028075402,technology,2429.0,8765,7,-0.28,6.21,False,True,Engagement Farmer,0.174,2024-05-08 16:14:35
t1_2315814164,funny,401.0,38277,2658,-0.57,4.26,False,False,None (Human),0.086,2024-05-10 09:53:50
t1_1981128746,worldnews,147.0,28118,3,0.88,5.68,False,True,Reprint Bot,0.216,2024-05-12 02:40:30
t1_2638488181,politics,1832.0,44889,6,0.77,6.85,False,True,Engagement Farmer,0.194,2024-05-13 13:16:11
t1_2126537020,funny,2814.0,4308,725,-0.41,5.79,False,False,None (Human),0.116,2024-05-15 00:59:07
t1_1387186732,technology,949.0,12224,4,1.0,6.81,True,True,AI Summarizer,0.217,2024-05-16 04:22:07
t1_3253533938,gaming,223.0,44956,5,0.44,6.24,True,True,Reprint Bot,0.193,2024-05-18 11:02:16
t1_515405518,worldnews,1184.0,46690,1475,-0.5,4.56,False,False,None (Human),0.092,2024-05-20 02:24:53
t1_1288872990,gaming,694.0,11321,2,-0.33,6.21,False,True,Engagement Farmer,0.258,2024-05-20 22:23:30
t1_1155203487,politics,773.0,23525,3009,0.55,5.56,False,False,None (Human),0.112,2024-05-23 01:01:31
t1_2323725041,technology,1370.0,8822,2549,0.08,5.78,False,False,None (Human),0.116,2024-05-24 03:05:44
t1_1515706554,pics,16.0,14653,4,-0.72,5.74,False,True,AI Summarizer,0.218,2024-05-26 02:36:16
t1_4143511276,gaming,2268.0,40801,1092,0.53,4.9,False,False,None (Human),0.099,2024-05-27 14:50:17
t1_3534139854,worldnews,27.0,8475,9,0.47,6.27,False,True,Engagement Farmer,0.18,2024-05-28 23:30:29
t1_4118664497,worldnews,27.0,24533,2,0.9,6.04,True,True,Engagement Farmer,0.268,2024-05-31 02:48:07
t1_3837558035,gaming,2519.0,20079,1052,0.69,4.21,False,False,None (Human),0.085,2024-06-01 03:08:00
t1_2959455788,worldnews,1.0,39727,3,0.17,6.11,True,True,AI Summarizer,0.422,2024-06-03 00:21:00
t1_1537658474,gaming,1182.0,23334,149,0.02,4.52,False,False,None (Human),0.093,2024-06-04 04:35:46
t1_1959031202,funny,717.0,7885,3380,0.66,4.11,False,False,None (Human),0.083,2024-06-06 01:03:45
t1_3751077658,pics,1429.0,35408,1170,-0.84,4.4,False,False,None (Human),0.089,2024-06-08 01:31:02
t1_992006552,technology,1096.0,14380,3444,-0.48,5.91,False,False,None (Human),0.119,2024-06-09 12:06:33
t1_1380500112,funny,1992.0,46609,4,0.05,5.89,False,True,AI Summarizer,0.198,2024-06-10 17:53:10
t1_2807345090,worldnews,174.0,6857,8,0.66,5.7,True,True,AI Summarizer,0.161,2024-06-12 03:55:05
t1_696567649,technology,738.0,12185,1469,0.08,4.08,False,False,None (Human),0.082,2024-06-14 00:03:54
t1_2229822342,pics,1401.0,23321,7,-0.1,6.84,False,True,AI Summarizer,0.187,2024-06-16 03:24:47
t1_438342259,politics,919.0,32055,2204,0.39,4.65,False,False,None (Human),0.094,2024-06-17 10:05:26
t1_180887711,worldnews,877.0,38913,2637,-0.37,4.87,False,False,None (Human),0.098,2024-06-18 19:21:18
t1_384427022,politics,1592.0,31600,612,0.61,5.33,False,False,None (Human),0.108,2024-06-20 21:03:34
t1_1352319041,gaming,1663.0,10904,8,-0.35,5.74,True,True,AI Summarizer,0.159,2024-06-22 11:40:02
t1_3747744739,politics,313.0,17012,6,-0.28,7.05,True,True,Reprint Bot,0.199,2024-06-24 03:04:23
t1_4257270343,pics,1841.0,23880,3099,-0.63,5.21,False,False,None (Human),0.105,2024-06-25 11:08:53
t1_3507861065,gaming,627.0,19574,9,0.96,5.96,True,True,Engagement Farmer,0.16,2024-06-26 10:35:48
t1_1692982803,politics,247.0,9039,1094,-0.49,5.81,False,False,None (Human),0.118,2024-06-28 04:21:47
t1_1694489401,funny,1769.0,19571,3097,0.09,4.3,False,False,None (Human),0.086,2024-06-30 07:09:07
t1_770792021,worldnews,2593.0,27120,4,-0.39,6.71,True,True,AI Summarizer,0.214,2024-07-01 03:47:30
t1_2793059248,worldnews,538.0,4114,2868,-0.32,5.56,False,False,None (Human),0.112,2024-07-03 13:33:55
t1_2054858803,worldnews,1917.0,29565,1350,0.42,5.62,False,False,None (Human),0.113,2024-07-04 13:06:17
t1_3342414212,technology,2568.0,40163,1217,-0.19,4.48,False,False,None (Human),0.09,2024-07-06 10:14:49
t1_1672017049,worldnews,201.0,45657,5,0.62,5.78,True,True,AI Summarizer,0.184,2024-07-08 08:33:50
t1_2070575371,worldnews,26.0,17906,2,0.37,6.84,False,True,Reprint Bot,0.285,2024-07-09 01:26:18
t1_885281367,gaming,1124.0,39108,9,-0.94,5.84,True,True,Reprint Bot,0.157,2024-07-10 13:34:20
t1_1967399555,politics,2211.0,14317,6,0.52,6.78,False,True,Reprint Bot,0.193,2024-07-12 10:00:58
t1_2595111367,gaming,1094.0,47153,3352,0.96,4.42,False,False,None (Human),0.089,2024-07-14 07:34:21
t1_3279001296,pics,6.0,12560,4,0.1,7.24,True,True,Reprint Bot,0.282,2024-07-15 21:23:45
t1_2506803983,worldnews,2679.0,8733,5,-0.51,6.31,True,True,AI Summarizer,0.193,2024-07-17 12:34:24
t1_2516891863,worldnews,1988.0,22532,965,0.14,5.62,False,False,None (Human),0.113,2024-07-18 16:32:02
t1_747408991,politics,3.0,46307,1,-0.08,6.68,False,True,Reprint Bot,0.434,2024-07-20 23:48:43
t1_231265587,funny,2206.0,23730,6,0.71,6.17,False,True,Reprint Bot,0.181,2024-07-22 11:27:43
t1_2926751312,funny,8.0,47815,7,-0.93,6.27,False,True,Reprint Bot,0.22,2024-07-23 21:03:02
t1_1304517981,funny,1208.0,7373,10,0.28,5.9,False,True,Reprint Bot,0.155,2024-07-25 14:08:58
t1_345214038,pics,1133.0,25449,7,0.13,7.49,False,True,Engagement Farmer,0.2,2024-07-26 18:52:16
t1_1073576438,politics,30.0,20826,8,0.01,6.43,True,True,Engagement Farmer,0.186,2024-07-28 14:58:35
t1_113615986,funny,2344.0,25242,3226,0.76,5.68,False,False,None (Human),0.114,2024-07-30 06:51:43
t1_2448174843,pics,1642.0,21793,1560,-0.68,4.67,False,False,None (Human),0.094,2024-08-01 02:10:00
t1_592773291,gaming,16.0,4380,8,-0.62,7.45,True,True,Engagement Farmer,0.217,2024-08-02 14:25:02
t1_1291370185,technology,13.0,39788,5,0.96,5.79,True,True,Engagement Farmer,0.211,2024-08-03 13:38:56
t1_4110080389,pics,873.0,18481,220,-0.46,5.93,False,False,None (Human),0.121,2024-08-05 09:33:28
t1_1068023563,pics,30.0,46232,2087,-0.64,5.77,False,False,None (Human),0.128,2024-08-07 05:14:12
t1_1590108516,gaming,1249.0,28459,1450,0.08,4.42,False,False,None (Human),0.089,2024-08-08 13:15:51
t1_16651356,pics,2460.0,2515,458,-0.45,5.62,False,False,None (Human),0.113,2024-08-10 05:04:19
t1_747686695,funny,1374.0,17927,5,0.59,6.67,False,True,Reprint Bot,0.2,2024-08-11 06:10:58
t1_3883216715,pics,11.0,23496,5,0.31,6.49,False,True,AI Summarizer,0.23,2024-08-13 14:38:34
t1_3747657294,pics,1262.0,3529,2539,-0.51,5.34,False,False,None (Human),0.107,2024-08-14 16:37:55
t1_2128877510,technology,1554.0,13641,417,0.08,5.65,False,False,None (Human),0.114,2024-08-16 13:00:47
t1_665107544,funny,2325.0,37615,9,-0.86,5.59,True,True,Engagement Farmer,0.152,2024-08-18 01:20:48
t1_3168105090,pics,4.0,19859,2,0.7,5.56,False,True,Engagement Farmer,0.325,2024-08-19 09:28:47
t1_1966118277,gaming,22.0,27090,5,-0.18,7.01,False,True,Engagement Farmer,0.224,2024-08-20 22:25:25
t1_1914262697,funny,1328.0,48685,10,0.25,6.14,True,True,AI Summarizer,0.159,2024-08-22 14:39:29
t1_930356462,politics,185.0,2375,2,0.62,7.01,True,True,AI Summarizer,0.276,2024-08-24 18:26:56
t1_764714572,pics,1044.0,7584,468,-0.72,5.22,False,False,None (Human),0.106,2024-08-25 15:45:42
t1_1554137131,worldnews,35.0,22264,1755,-0.55,5.54,False,False,None (Human),0.122,2024-08-27 07:29:57
t1_1649843739,politics,1319.0,47214,3374,0.24,5.76,False,False,None (Human),0.116,2024-08-29 03:41:08
t1_4186583804,pics,5.0,26780,9,-0.5,7.1,False,True,Engagement Farmer,0.249,2024-08-30 11:59:28
t1_3714590487,worldnews,2266.0,36846,1799,0.17,5.04,False,False,None (Human),0.101,2024-09-01 03:44:17
t1_700544192,pics,82.0,33024,983,0.72,5.65,False,False,None (Human),0.118,2024-09-03 03:56:45
t1_2863857623,politics,1334.0,36011,396,0.89,4.03,False,False,None (Human),0.082,2024-09-04 16:25:22
t1_2716220330,worldnews,1747.0,24062,3377,0.12,4.44,False,False,None (Human),0.089,2024-09-05 15:15:10
t1_3834879715,funny,1672.0,42849,887,-0.82,5.44,False,False,None (Human),0.109,2024-09-07 18:38:56
t1_1437736321,technology,5.0,37480,5,-0.78,6.82,True,True,Reprint Bot,0.27,2024-09-08 19:59:39
t1_4095381714,technology,2246.0,15966,2,0.34,7.03,False,True,Engagement Farmer,0.274,2024-09-10 23:29:04
t1_2157496799,politics,12.0,36990,10,0.1,7.06,False,True,Engagement Farmer,0.208,2024-09-12 03:27:15
t1_3584987498,funny,1984.0,34589,2504,0.43,4.61,False,False,None (Human),0.093,2024-09-13 12:53:12
t1_1155663086,worldnews,2486.0,13833,325,0.23,4.17,False,False,None (Human),0.085,2024-09-15 02:23:16
t1_9811451,pics,19.0,10233,10,0.23,6.18,False,True,Engagement Farmer,0.18,2024-09-16 19:06:18
t1_4078252325,worldnews,833.0,16582,310,0.68,5.43,False,False,None (Human),0.11,2024-09-18 23:43:38
t1_2339643678,funny,1168.0,45272,6,-0.4,6.07,True,True,AI Summarizer,0.179,2024-09-20 04:59:30
t1_1356740908,gaming,1110.0,33640,3466,-0.58,4.03,False,False,None (Human),0.081,2024-09-22 05:45:20
t1_3227401527,funny,9.0,38144,10,-0.95,5.91,False,True,Engagement Farmer,0.195,2024-09-23 16:17:42
t1_3175217004,pics,981.0,8217,887,-0.28,4.19,False,False,None (Human),0.085,2024-09-25 08:26:41
t1_1392640167,gaming,1572.0,28285,2579,-0.61,4.33,False,False,None (Human),0.087,2024-09-26 18:25:31
t1_2522846092,worldnews,2880.0,6892,3,-0.74,6.92,False,True,Reprint Bot,0.239,2024-09-28 07:28:57
t1_807968253,gaming,9.0,15548,10,0.04,6.04,False,True,AI Summarizer,0.197,2024-09-29 20:14:54
t1_4000554465,technology,2861.0,22970,10,-0.14,6.89,True,True,Reprint Bot,0.174,2024-10-01 08:14:16
t1_927920115,funny,2718.0,28666,2706,-0.55,5.05,False,False,None (Human),0.101,2024-10-03 04:31:32
t1_3755365196,gaming,2229.0,1213,2,0.85,6.03,False,True,AI Summarizer,0.254,2024-10-05 00:24:45
t1_2150980857,worldnews,2677.0,10060,2985,0.11,5.82,False,False,None (Human),0.117,2024-10-06 05:56:33
t1_382870444,technology,27.0,1872,5,-0.78,5.51,True,True,AI Summarizer,0.191,2024-10-07 23:26:04
t1_3240038051,funny,29.0,6673,10,0.38,6.36,True,True,AI Summarizer,0.177,2024-10-09 01:51:35
t1_2361076571,pics,1047.0,30424,116,-0.77,5.92,False,False,None (Human),0.122,2024-10-11 03:56:29
t1_1995693474,politics,829.0,15655,9,-0.3,5.52,True,True,Engagement Farmer,0.151,2024-10-12 23:03:38
t1_3878134250,gaming,2428.0,48150,62,0.34,4.12,False,False,None (Human),0.089,2024-10-13 20:42:04
t1_2302949506,gaming,1887.0,24410,7,0.16,7.04,False,True,Engagement Farmer,0.191,2024-10-15 03:30:27
t1_3456605535,politics,2937.0,7580,2715,-0.78,5.25,False,False,None (Human),0.105,2024-10-17 03:59:42
t1_3152397213,worldnews,11.0,49384,6,0.28,5.8,False,True,Reprint Bot,0.206,2024-10-18 09:18:57
t1_500240882,funny,9.0,17118,6,-0.58,5.99,False,True,AI Summarizer,0.217,2024-10-20 12:43:30
t1_1757045153,technology,2659.0,3172,1449,0.42,5.8,False,False,None (Human),0.116,2024-10-22 00:13:53
t1_69754741,politics,2331.0,10627,1156,0.75,5.98,False,False,None (Human),0.12,2024-10-23 15:22:40
t1_1958365304,funny,513.0,21247,862,-0.65,4.05,False,False,None (Human),0.082,2024-10-24 22:33:16
t1_1180832831,gaming,2604.0,15934,1758,0.94,4.52,False,False,None (Human),0.091,2024-10-26 22:56:46
t1_2719056619,funny,817.0,308,137,0.34,4.15,False,False,None (Human),0.086,2024-10-28 14:48:45
t1_1184659586,politics,700.0,48499,1755,0.31,5.44,False,False,None (Human),0.11,2024-10-29 23:51:46
t1_143561303,worldnews,2292.0,46871,2022,-0.93,5.72,False,False,None (Human),0.115,2024-10-31 02:45:17
t1_4100721081,pics,945.0,49343,2413,0.5,5.11,False,False,None (Human),0.103,2024-11-01 20:15:57
t1_2076659939,politics,1522.0,13036,3148,0.55,4.92,False,False,None (Human),0.099,2024-11-03 13:32:37
t1_68921921,politics,133.0,5104,10,-0.94,7.08,True,True,AI Summarizer,0.181,2024-11-05 12:04:09
t1_3282364174,politics,1999.0,37119,3,0.04,7.25,True,True,AI Summarizer,0.245,2024-11-06 21:40:54
t1_4220115256,politics,27.0,15472,1,0.95,7.18,True,True,Reprint Bot,0.358,2024-11-08 15:28:10
t1_58778884,technology,456.0,44158,1546,0.46,4.63,False,False,None (Human),0.094,2024-11-09 20:50:41
t1_599775573,funny,1242.0,26973,858,0.05,4.8,False,False,None (Human),0.097,2024-11-11 23:35:51
t1_498652075,technology,20.0,11188,4,0.81,6.44,True,True,AI Summarizer,0.228,2024-11-12 21:29:45
t1_2174651930,worldnews,27.0,6425,5,-0.57,6.94,False,True,Reprint Bot,0.22,2024-11-14 12:11:23
t1_3523028966,funny,1439.0,24627,3516,0.25,5.58,False,False,None (Human),0.112,2024-11-16 06:53:12
t1_1899808065,gaming,1161.0,33172,2082,0.12,4.41,False,False,None (Human),0.089,2024-11-18 09:07:52
t1_724838945,worldnews,2726.0,7981,2698,0.94,5.46,False,False,None (Human),0.109,2024-11-19 13:31:59
t1_747861962,pics,1332.0,37267,3286,-0.08,4.18,False,False,None (Human),0.084,2024-11-20 17:32:30
t1_2916337420,politics,2968.0,26758,913,-0.89,4.3,False,False,None (Human),0.087,2024-11-22 17:00:38
t1_3474939906,pics,14.0,12205,9,0.18,6.81,False,True,Reprint Bot,0.203,2024-11-23 17:57:04
t1_1131969068,gaming,2577.0,1569,7,-0.95,5.7,True,True,AI Summarizer,0.164,2024-11-25 22:47:28
t1_2077504655,gaming,2684.0,20727,3195,-0.81,5.83,False,False,None (Human),0.117,2024-11-27 17:11:06
t1_575058293,gaming,5.0,32711,1,0.91,6.83,False,True,Reprint Bot,0.403,2024-11-28 20:48:43
t1_4070008965,technology,1865.0,32085,3129,0.15,4.24,False,False,None (Human),0.085,2024-11-30 04:19:26
t1_1556712121,technology,2454.0,26536,2549,-0.12,4.68,False,False,None (Human),0.094,2024-12-01 15:57:32
t1_1128763838,funny,1006.0,10843,941,0.0,5.97,False,False,None (Human),0.12,2024-12-03 23:49:56
t1_1557895694,gaming,1783.0,15159,3180,-0.62,4.69,False,False,None (Human),0.094,2024-12-05 18:24:35
t1_2227635506,gaming,59.0,33368,2,-0.05,7.28,True,True,Reprint Bot,0.286,2024-12-06 11:32:57
t1_2145939084,pics,29.0,3287,1,0.72,6.48,False,True,Engagement Farmer,0.343,2024-12-08 22:42:59
t1_772151396,politics,1378.0,25357,4,-0.87,6.33,True,True,Engagement Farmer,0.207,2024-12-10 12:25:47
t1_3602050163,pics,1022.0,43215,607,0.41,4.27,False,False,None (Human),0.086,2024-12-11 22:55:49
t1_3949228681,worldnews,1319.0,39183,626,-0.18,4.46,False,False,None (Human),0.09,2024-12-12 20:12:31
t1_3974937877,pics,63.0,35537,1140,-0.71,4.8,False,False,None (Human),0.103,2024-12-14 17:32:09
t1_2071888584,gaming,1461.0,15875,2392,-0.21,5.45,False,False,None (Human),0.109,2024-12-15 21:36:53
t1_89913748,technology,1220.0,21961,3008,-0.37,5.65,False,False,None (Human),0.113,2024-12-17 13:22:31
t1_637184307,politics,1994.0,36104,1825,0.29,5.05,False,False,None (Human),0.101,2024-12-19 21:33:58
t1_627217300,funny,51.0,13008,442,0.14,5.84,False,False,None (Human),0.125,2024-12-21 02:02:31
t1_1927615245,pics,5.0,35397,3,-0.17,7.2,True,True,Reprint Bot,0.311,2024-12-22 18:13:27
t1_4071776610,pics,1411.0,6585,256,0.05,4.79,False,False,None (Human),0.098,2024-12-24 01:10:57
t1_2086824862,worldnews,446.0,43472,7,0.56,5.52,False,True,Reprint Bot,0.161,2024-12-26 08:58:25
t1_1999120072,politics,1615.0,31191,6,-0.25,5.89,True,True,AI Summarizer,0.175,2024-12-27 15:57:03
t1_3822160633,funny,320.0,35769,7,-0.02,6.9,False,True,Engagement Farmer,0.189,2024-12-28 21:30:01
t1_4200594390,pics,545.0,11725,6,0.64,6.77,True,True,Engagement Farmer,0.193,2024-12-30 07:42:07
t1_1480068378,gaming,2705.0,26840,185,0.92,4.89,False,False,None (Human),0.1,2025-01-01 06:05:09
t1_3140348014,funny,1276.0,22937,898,0.15,5.7,False,False,None (Human),0.115,2025-01-02 11:37:03
t1_2896021370,worldnews,1389.0,34587,334,0.02,5.64,False,False,None (Human),0.114,2025-01-04 18:33:29
t1_1315784167,pics,217.0,14988,754,0.61,4.13,False,False,None (Human),0.085,2025-01-05 11:37:52
t1_1506226417,funny,16.0,31372,10,0.28,6.72,False,True,Reprint Bot,0.194,2025-01-07 09:50:25
t1_1731797104,pics,1817.0,38383,3433,-0.35,4.87,False,False,None (Human),0.098,2025-01-08 20:52:06
t1_1710420280,politics,585.0,1408,2405,0.35,4.58,False,False,None (Human),0.092,2025-01-10 13:20:35
t1_1846163527,gaming,12.0,9546,7,0.15,6.44,False,True,Reprint Bot,0.21,2025-01-12 12:06:39
t1_441857365,funny,893.0,48831,2217,-0.16,5.99,False,False,None (Human),0.12,2025-01-14 05:14:05
t1_1542566968,technology,2150.0,11906,258,0.63,4.83,False,False,None (Human),0.098,2025-01-15 10:59:13
t1_3870477453,gaming,1148.0,5822,6,0.2,5.86,True,True,Engagement Farmer,0.175,2025-01-16 15:05:22
t1_430584969,worldnews,2380.0,22699,2783,-0.59,5.01,False,False,None (Human),0.101,2025-01-18 14:52:30
t1_3876473537,worldnews,749.0,35362,1150,0.05,5.63,False,False,None (Human),0.113,2025-01-19 21:14:04
t1_3896190591,funny,28.0,26649,10,0.72,5.92,False,True,Reprint Bot,0.169,2025-01-21 21:18:06
t1_909194896,worldnews,19.0,31948,4,-0.47,6.6,True,True,Engagement Farmer,0.232,2025-01-23 15:32:34
t1_3160240670,worldnews,1091.0,40095,2684,0.97,5.01,False,False,None (Human),0.101,2025-01-24 12:15:49
t1_3658455141,politics,1150.0,4130,590,-0.34,5.55,False,False,None (Human),0.112,2025-01-26 02:45:31
t1_2908236542,gaming,5.0,31987,6,-0.29,6.48,False,True,Engagement Farmer,0.253,2025-01-28 07:24:21
t1_1997759414,pics,947.0,2660,3373,-0.45,4.29,False,False,None (Human),0.086,2025-01-29 08:23:10
t1_1749681535,funny,528.0,17035,1472,-0.9,5.85,False,False,None (Human),0.118,2025-01-31 03:08:11
t1_1214925717,funny,456.0,33338,1681,-0.76,4.36,False,False,None (Human),0.088,2025-02-01 12:34:12
t1_3834047520,technology,1884.0,36355,3513,0.87,4.95,False,False,None (Human),0.099,2025-02-03 08:04:34
t1_1941835765,funny,55.0,47567,552,-0.75,4.16,False,False,None (Human),0.091,2025-02-04 14:31:28
t1_49158260,worldnews,1225.0,27910,2400,-0.06,5.36,False,False,None (Human),0.108,2025-02-06 17:48:06
t1_1891209018,pics,2334.0,32894,2607,-0.95,5.73,False,False,None (Human),0.115,2025-02-08 09:59:47
t1_4266179534,pics,1474.0,33516,2267,-0.42,5.11,False,False,None (Human),0.103,2025-02-09 20:24:20
t1_200434046,pics,2905.0,11748,3268,0.67,5.98,False,False,None (Human),0.12,2025-02-10 21:40:48
t1_2400367421,gaming,604.0,8103,159,0.98,4.35,False,False,None (Human),0.09,2025-02-12 21:37:17
t1_1423009533,politics,1453.0,12168,1880,-0.16,5.65,False,False,None (Human),0.113,2025-02-14 23:44:40
t1_1495360302,funny,898.0,12882,2272,0.22,5.85,False,False,None (Human),0.118,2025-02-15 15:34:08
t1_1963855406,pics,1894.0,1427,8,0.67,6.37,True,True,AI Summarizer,0.172,2025-02-17 23:58:51
t1_1323406629,pics,2113.0,34476,1535,-0.37,5.78,False,False,None (Human),0.116,2025-02-19 07:59:54
t1_2717996396,worldnews,552.0,31628,7,0.02,6.15,True,True,Engagement Farmer,0.174,2025-02-20 14:52:42
t1_3058496286,technology,772.0,15274,3547,-0.92,4.45,False,False,None (Human),0.09,2025-02-22 20:28:15
t1_1692204958,technology,1082.0,27690,9,-0.08,6.87,False,True,Engagement Farmer,0.178,2025-02-23 13:44:05
t1_2831164639,pics,21.0,41711,8,0.95,6.97,False,True,Engagement Farmer,0.202,2025-02-25 19:54:56
t1_2957306986,funny,1216.0,17807,10,0.51,5.63,False,True,Reprint Bot,0.149,2025-02-27 06:50:55
t1_2933906199,technology,2851.0,33911,9,0.47,6.5,True,True,Engagement Farmer,0.17,2025-02-28 17:36:40
t1_4057050575,funny,1824.0,36484,2691,0.49,4.6,False,False,None (Human),0.092,2025-03-02 03:24:06
t1_3970153380,funny,325.0,42133,1175,0.35,5.52,False,False,None (Human),0.112,2025-03-03 12:01:31
t1_3478995770,politics,1020.0,7162,2932,-0.7,5.69,False,False,None (Human),0.114,2025-03-05 17:16:00
t1_1937749179,politics,1427.0,12646,2885,0.46,5.34,False,False,None (Human),0.107,2025-03-06 21:07:54
t1_2360808464,politics,2.0,39182,8,0.55,6.27,True,True,Engagement Farmer,0.303,2025-03-08 17:44:34
t1_2808426253,gaming,1023.0,27999,3577,1.0,5.78,False,False,None (Human),0.116,2025-03-10 14:25:17
t1_3569515411,funny,2504.0,22321,3,-0.37,6.84,True,True,Reprint Bot,0.237,2025-03-11 21:08:16
t1_870968184,politics,2071.0,16347,3525,-0.47,5.74,False,False,None (Human),0.115,2025-03-13 18:21:48
t1_1708924017,worldnews,2137.0,31664,2946,0.07,5.59,False,False,None (Human),0.112,2025-03-15 00:13:41
t1_4059295274,funny,704.0,21049,6,-0.18,5.89,True,True,Engagement Farmer,0.176,2025-03-16 15:31:53
t1_2431173896,gaming,1537.0,11271,2657,0.59,4.38,False,False,None (Human),0.088,2025-03-17 22:23:24
t1_2535409674,pics,5.0,39525,10,0.51,5.66,False,True,Engagement Farmer,0.216,2025-03-19 11:43:08
t1_768295042,technology,2430.0,45930,1664,-0.63,5.14,False,False,None (Human),0.103,2025-03-20 22:47:18
t1_3625592195,gaming,2916.0,18562,9,0.03,6.23,True,True,Engagement Farmer,0.165,2025-03-23 09:04:00
t1_3795876981,gaming,17.0,7208,5,0.51,6.75,True,True,Reprint Bot,0.224,2025-03-24 14:00:49
t1_918011539,gaming,1100.0,43307,10,-0.33,6.13,False,True,AI Summarizer,0.159,2025-03-25 15:48:58
t1_3041483117,worldnews,2509.0,13532,6,0.48,6.07,False,True,AI Summarizer,0.179,2025-03-28 01:29:37
t1_2708903594,pics,2475.0,27950,7,0.89,5.63,False,True,Engagement Farmer,0.163,2025-03-29 16:01:26
t1_3956733504,politics,704.0,4761,1998,0.3,4.29,False,False,None (Human),0.087,2025-03-30 10:29:13
t1_797473329,politics,2655.0,29279,1460,-0.06,5.31,False,False,None (Human),0.107,2025-04-01 04:19:42
t1_4186979000,politics,2305.0,9981,1206,-0.13,4.76,False,False,None (Human),0.096,2025-04-02 21:22:56
t1_328525504,gaming,401.0,17742,9,0.84,5.72,True,True,AI Summarizer,0.155,2025-04-04 16:33:12
t1_2106473573,gaming,2024.0,36825,2,0.97,7.47,True,True,Engagement Farmer,0.283,2025-04-06 06:16:45
t1_3155549429,worldnews,27.0,7736,5,0.31,6.16,False,True,Reprint Bot,0.204,2025-04-07 21:50:31
t1_2157427135,pics,603.0,2126,1880,-0.35,5.16,False,False,None (Human),0.104,2025-04-09 07:52:42
t1_1679829406,gaming,299.0,17334,1041,-0.39,5.23,False,False,None (Human),0.106,2025-04-10 12:22:37
t1_1961793117,worldnews,50.0,19609,1403,0.02,5.56,False,False,None (Human),0.119,2025-04-12 12:08:27
t1_3062588111,technology,766.0,30549,4,-0.32,5.94,True,True,AI Summarizer,0.199,2025-04-14 11:31:12
t1_1792295927,worldnews,13.0,41330,7,-0.67,6.31,True,True,Engagement Farmer,0.205,2025-04-15 17:30:28
t1_551951260,gaming,962.0,39139,6,0.29,7.37,False,True,Engagement Farmer,0.205,2025-04-17 10:35:35
t1_3804068073,technology,30.0,19519,3,0.96,7.45,False,True,Engagement Farmer,0.262,2025-04-19 05:17:09
t1_401262468,pics,1470.0,34175,1573,0.0,5.55,False,False,None (Human),0.112,2025-04-20 14:29:22
t1_2814686547,worldnews,1220.0,47091,2030,0.23,4.22,False,False,None (Human),0.085,2025-04-21 17:57:25
t1_918195337,funny,1128.0,9125,112,0.8,5.24,False,False,None (Human),0.109,2025-04-23 14:52:06
t1_3199084227,pics,869.0,13666,7,0.46,6.01,False,True,Engagement Farmer,0.171,2025-04-25 15:50:17
t1_3570886037,technology,2018.0,31045,3435,0.59,4.19,False,False,None (Human),0.084,2025-04-26 16:50:25
t1_670146275,pics,1253.0,14521,1798,-0.22,4.7,False,False,None (Human),0.095,2025-04-28 08:52:04
t1_1873547546,funny,2164.0,22527,264,0.78,4.26,False,False,None (Human),0.087,2025-04-29 23:53:06
t1_134458544,politics,10.0,26348,10,-0.38,6.83,True,True,Engagement Farmer,0.209,2025-05-01 09:50:05
t1_4094010633,worldnews,488.0,46692,2850,0.84,5.09,False,False,None (Human),0.103,2025-05-03 08:19:23
t1_913459621,funny,27.0,25441,10,-0.48,6.2,False,True,Engagement Farmer,0.175,2025-05-04 14:09:29
t1_2864088928,gaming,6.0,23741,9,-0.93,6.32,True,True,Reprint Bot,0.224,2025-05-05 23:57:18
t1_3953236969,gaming,1706.0,41995,1516,-0.8,5.54,False,False,None (Human),0.111,2025-05-07 09:42:12
t1_2902791806,gaming,628.0,24237,453,0.65,4.17,False,False,None (Human),0.085,2025-05-08 22:49:59
t1_224770416,technology,79.0,44374,1633,0.41,4.83,False,False,None (Human),0.102,2025-05-11 01:18:39
t1_2538268202,politics,707.0,8905,1021,0.73,5.51,False,False,None (Human),0.111,2025-05-12 21:08:24
t1_886559971,worldnews,1807.0,1190,735,0.89,4.11,False,False,None (Human),0.083,2025-05-14 07:48:14
t1_122958131,technology,1842.0,24170,2784,-0.67,4.43,False,False,None (Human),0.089,2025-05-16 00:59:26
t1_311590130,pics,604.0,24397,1,-0.32,6.04,True,True,Reprint Bot,0.321,2025-05-16 23:38:38
t1_1850969155,funny,1261.0,6866,3206,0.24,5.43,False,False,None (Human),0.109,2025-05-18 12:25:13
t1_2957313926,worldnews,1048.0,46390,1749,-0.83,5.03,False,False,None (Human),0.101,2025-05-20 14:42:13
t1_2791094152,worldnews,1099.0,4920,7,0.52,7.22,False,True,AI Summarizer,0.195,2025-05-22 14:24:56
t1_311733002,politics,1133.0,21189,1,-0.86,7.29,False,True,Engagement Farmer,0.346,2025-05-23 12:06:49
t1_3861256238,gaming,2032.0,15493,6,-0.39,7.48,False,True,Engagement Farmer,0.207,2025-05-25 04:18:57
t1_3870142916,politics,1474.0,46530,3124,-0.67,5.1,False,False,None (Human),0.102,2025-05-26 17:48:04
t1_4290735238,gaming,30.0,3914,7,-0.97,5.73,False,True,Reprint Bot,0.178,2025-05-28 05:06:58
t1_3515406220,politics,196.0,22196,1923,-0.3,5.6,False,False,None (Human),0.114,2025-05-30 07:03:35
t1_3390994471,pics,1645.0,12648,2198,0.05,5.2,False,False,None (Human),0.104,2025-05-31 17:06:21
t1_2006344793,gaming,851.0,2527,1348,0.2,4.16,False,False,None (Human),0.084,2025-06-02 02:51:52
t1_3143211477,funny,630.0,24644,2846,-0.27,5.21,False,False,None (Human),0.105,2025-06-04 02:57:38
t1_2707173870,worldnews,504.0,16481,1735,0.14,5.59,False,False,None (Human),0.113,2025-06-04 21:47:46
t1_2720959309,politics,2405.0,48288,1931,-0.73,5.22,False,False,None (Human),0.105,2025-06-06 13:45:31
t1_2643341123,worldnews,1879.0,39589,2264,-1.0,4.99,False,False,None (Human),0.1,2025-06-08 05:41:34
t1_581633542,technology,2093.0,33422,2356,-1.0,5.97,False,False,None (Human),0.12,2025-06-10 00:36:26
t1_3748492077,politics,854.0,41645,929,-0.97,4.03,False,False,None (Human),0.081,2025-06-11 20:29:13
t1_2009100984,technology,483.0,48536,1197,-0.92,4.23,False,False,None (Human),0.086,2025-06-13 17:27:34
t1_1354046872,gaming,2602.0,2239,636,0.41,4.07,False,False,None (Human),0.082,2025-06-14 11:38:15
t1_533298564,politics,1.0,31028,5,0.4,5.84,False,True,Reprint Bot,0.383,2025-06-16 11:09:28
t1_1572265192,gaming,2147.0,22913,267,0.68,4.82,False,False,None (Human),0.098,2025-06-18 07:04:17
t1_745895974,pics,1890.0,47997,258,-0.88,5.51,False,False,None (Human),0.112,2025-06-19 10:21:14
t1_483101322,politics,2394.0,6209,1958,0.92,4.9,False,False,None (Human),0.098,2025-06-21 14:19:37
t1_164878644,worldnews,2576.0,39876,2052,-0.69,5.7,False,False,None (Human),0.114,2025-06-22 21:50:42
t1_3591327478,funny,1311.0,49410,2833,-0.69,5.71,False,False,None (Human),0.115,2025-06-23 22:14:40
t1_3783993157,gaming,874.0,3072,3029,0.65,5.17,False,False,None (Human),0.104,2025-06-25 15:57:35
t1_1050616762,technology,985.0,24133,2727,-0.28,5.43,False,False,None (Human),0.109,2025-06-27 14:25:39
t1_3592944164,technology,1821.0,29372,1022,-0.52,5.44,False,False,None (Human),0.109,2025-06-29 04:47:09
t1_409347473,funny,1985.0,15921,2584,-0.01,5.75,False,False,None (Human),0.115,2025-06-30 12:50:14
t1_3111350034,worldnews,2593.0,6604,2,-0.45,6.53,False,True,Reprint Bot,0.264,2025-07-01 21:34:14
t1_4097442651,funny,2682.0,14710,2771,0.34,5.77,False,False,None (Human),0.116,2025-07-03 11:01:49
t1_3661906720,gaming,2717.0,9834,1325,0.47,5.24,False,False,None (Human),0.105,2025-07-05 18:08:14
t1_3392039887,worldnews,22.0,25312,7,0.35,6.33,False,True,Engagement Farmer,0.194,2025-07-06 13:15:32
t1_1641858075,politics,2670.0,25492,1,0.02,5.85,True,True,Engagement Farmer,0.317,2025-07-09 00:08:44
t1_636418625,funny,683.0,31904,2,-0.01,5.66,False,True,Reprint Bot,0.247,2025-07-09 18:26:30
t1_737123395,gaming,104.0,26506,1,-0.2,6.46,False,True,Engagement Farmer,0.333,2025-07-12 02:02:32
t1_3082356117,pics,740.0,46966,1171,0.79,5.78,False,False,None (Human),0.116,2025-07-13 17:48:55
t1_256406119,worldnews,18.0,47859,5,-0.19,6.49,False,True,Reprint Bot,0.218,2025-07-15 02:04:18
t1_302127340,worldnews,24.0,16455,10,-0.03,5.66,True,True,Reprint Bot,0.166,2025-07-16 04:18:00
t1_1250986858,politics,10.0,27255,5,0.8,5.79,False,True,Engagement Farmer,0.219,2025-07-17 23:29:20
t1_2102580417,gaming,226.0,38177,2536,-0.59,5.78,False,False,None (Human),0.118,2025-07-20 02:25:05
t1_2723971581,gaming,6.0,13731,1,-0.38,6.62,True,True,Reprint Bot,0.39,2025-07-20 21:36:40
t1_3046370764,politics,435.0,37684,2958,0.88,4.39,False,False,None (Human),0.089,2025-07-22 23:15:41
t1_1474663453,gaming,1859.0,48766,1315,0.87,5.06,False,False,None (Human),0.102,2025-07-24 12:22:11
t1_2799733282,politics,2717.0,41599,9,0.39,7.1,True,True,AI Summarizer,0.182,2025-07-26 02:31:31
t1_70552806,worldnews,1625.0,3315,7,-0.98,6.0,True,True,Reprint Bot,0.17,2025-07-27 08:50:53
t1_1532423414,funny,27.0,22655,5,0.7,7.05,False,True,Engagement Farmer,0.222,2025-07-29 07:59:31
t1_3754925909,pics,2940.0,14481,3,-0.97,5.65,False,True,AI Summarizer,0.213,2025-07-30 22:16:48
t1_4293839633,funny,2666.0,6519,4,0.95,7.4,False,True,Engagement Farmer,0.228,2025-08-01 05:09:17
t1_4184294626,pics,1286.0,10980,1059,-0.12,4.05,False,False,None (Human),0.082,2025-08-03 06:03:52
t1_3266505732,pics,1841.0,42012,3532,-0.27,5.34,False,False,None (Human),0.107,2025-08-04 15:15:10
t1_240146514,pics,2098.0,8552,3203,0.6,4.66,False,False,None (Human),0.094,2025-08-05 18:47:08
t1_1264473280,pics,812.0,22376,2603,-0.04,4.29,False,False,None (Human),0.086,2025-08-07 23:25:02
t1_3032940511,pics,1273.0,1073,3257,-0.25,4.96,False,False,None (Human),0.1,2025-08-09 16:46:36
t1_31090416,technology,1646.0,6550,1923,-0.49,5.31,False,False,None (Human),0.107,2025-08-10 13:55:54
t1_1319748927,technology,2087.0,22703,1940,-0.09,4.86,False,False,None (Human),0.098,2025-08-11 23:21:23
t1_2232455935,funny,24.0,34861,10,-0.43,6.06,False,True,Engagement Farmer,0.174,2025-08-14 02:02:45
t1_1654148082,politics,1476.0,48640,2779,0.45,4.43,False,False,None (Human),0.089,2025-08-15 17:30:24
t1_147550363,politics,606.0,30350,760,0.07,5.68,False,False,None (Human),0.115,2025-08-17 10:56:41
t1_4206363506,worldnews,602.0,6617,508,-0.07,5.56,False,False,None (Human),0.113,2025-08-18 22:41:49
t1_1314671287,funny,45.0,2077,2882,0.4,5.1,False,False,None (Human),0.111,2025-08-20 12:05:39
t1_3075237123,funny,1606.0,9151,460,0.33,5.36,False,False,None (Human),0.108,2025-08-21 19:23:58
t1_2644949542,technology,8.0,42396,4,-0.03,5.82,True,True,Reprint Bot,0.241,2025-08-23 19:50:09
t1_3885580629,funny,751.0,16054,2110,0.59,5.25,False,False,None (Human),0.106,2025-08-25 12:54:15
t1_2221890470,politics,7.0,9147,5,-0.32,6.71,False,True,Engagement Farmer,0.251,2025-08-26 15:30:36
t1_2530599124,funny,2918.0,10977,1464,-0.69,5.01,False,False,None (Human),0.101,2025-08-28 14:38:23
t1_2507176670,technology,2038.0,4177,1542,0.47,5.83,False,False,None (Human),0.117,2025-08-30 04:53:16
t1_748853581,worldnews,2025.0,14797,2058,-0.35,4.39,False,False,None (Human),0.088,2025-08-31 03:11:18
t1_4118320738,technology,492.0,25795,149,-0.89,5.94,False,False,None (Human),0.122,2025-09-02 11:40:57
t1_3171285450,technology,2544.0,16531,1134,0.44,5.28,False,False,None (Human),0.106,2025-09-03 22:57:57
t1_752066406,worldnews,9.0,18083,2,0.95,6.99,True,True,AI Summarizer,0.313,2025-09-05 15:26:06
t1_256160802,pics,1710.0,9421,435,0.69,4.22,False,False,None (Human),0.086,2025-09-07 04:33:55
t1_301433856,pics,1080.0,26828,3028,-0.25,5.06,False,False,None (Human),0.102,2025-09-08 04:17:18
t1_1267569871,politics,2.0,16450,10,0.08,5.82,True,True,AI Summarizer,0.286,2025-09-09 17:38:37
t1_3482593961,politics,81.0,44624,9,-0.77,6.01,True,True,Engagement Farmer,0.165,2025-09-11 09:22:55
t1_1373658000,pics,23.0,18962,2,-0.04,7.08,False,True,Engagement Farmer,0.292,2025-09-12 16:44:11
t1_1785002687,politics,23.0,9720,4,0.85,6.5,False,True,AI Summarizer,0.227,2025-09-14 06:04:38
t1_2603281222,pics,2860.0,13278,469,-0.94,4.09,False,False,None (Human),0.083,2025-09-16 08:51:45
t1_2425240703,gaming,13.0,28554,9,0.38,6.57,True,True,AI Summarizer,0.2,2025-09-17 08:44:10
t1_3876980581,politics,1.0,42476,10,-0.78,6.98,False,True,Engagement Farmer,0.376,2025-09-19 19:10:26
t1_3119093840,politics,2968.0,36675,1689,0.75,4.28,False,False,None (Human),0.086,2025-09-21 06:54:48
t1_862910264,gaming,168.0,36820,2183,-0.53,5.86,False,False,None (Human),0.12,2025-09-22 07:05:53
t1_267670188,worldnews,26.0,31397,3,0.44,5.79,False,True,Engagement Farmer,0.231,2025-09-24 05:13:37
t1_4270606742,gaming,1902.0,25741,1601,0.71,5.8,False,False,None (Human),0.116,2025-09-25 08:33:53
t1_151856667,gaming,148.0,22564,5,-0.7,6.86,True,True,Engagement Farmer,0.207,2025-09-26 21:50:51
t1_3592710578,politics,6.0,27929,9,-0.93,7.11,False,True,Reprint Bot,0.239,2025-09-28 15:57:35
t1_2467061741,funny,833.0,36355,698,-0.99,5.92,False,False,None (Human),0.119,2025-09-30 13:02:08
t1_1295278364,funny,2504.0,45145,633,0.18,5.76,False,False,None (Human),0.116,2025-10-02 06:05:26
t1_1394575118,funny,1906.0,4513,1060,-0.81,4.27,False,False,None (Human),0.086,2025-10-03 05:18:19
t1_235018567,funny,2020.0,33258,194,0.86,4.55,False,False,None (Human),0.093,2025-10-04 22:07:21
t1_3653802690,politics,92.0,48712,1495,-0.63,5.08,False,False,None (Human),0.106,2025-10-06 23:09:09
t1_1094522314,pics,107.0,32711,1,0.42,7.03,True,True,AI Summarizer,0.344,2025-10-08 06:31:28
t1_3238724238,politics,72.0,15868,1674,0.11,4.7,False,False,None (Human),0.1,2025-10-09 15:02:40
t1_573532816,gaming,2996.0,47384,1420,0.77,5.96,False,False,None (Human),0.12,2025-10-11 07:04:08
t1_2526007140,worldnews,6.0,32870,6,0.01,6.01,True,True,AI Summarizer,0.234,2025-10-13 08:55:07
t1_59261616,pics,2219.0,34219,3390,-0.72,4.37,False,False,None (Human),0.088,2025-10-15 02:48:41
t1_1999251533,politics,15.0,37592,2,0.6,6.09,True,True,Engagement Farmer,0.28,2025-10-16 19:58:27
t1_2032588961,worldnews,2635.0,15618,1413,-0.83,4.77,False,False,None (Human),0.096,2025-10-18 05:00:41
t1_1969937470,gaming,1047.0,26122,2579,-0.35,4.92,False,False,None (Human),0.099,2025-10-19 19:30:54
t1_517021415,technology,1195.0,38528,613,-0.42,5.98,False,False,None (Human),0.121,2025-10-20 18:01:21
t1_1292194388,funny,1198.0,22079,2712,-0.7,4.44,False,False,None (Human),0.089,2025-10-23 00:32:52
t1_2705345826,funny,17.0,16597,1,-0.37,6.44,False,True,AI Summarizer,0.351,2025-10-24 17:50:32
t1_2971847116,technology,22.0,10369,8,0.79,6.15,True,True,Reprint Bot,0.185,2025-10-26 01:22:23
t1_4218523675,funny,531.0,12068,2583,-0.42,5.09,False,False,None (Human),0.103,2025-10-27 00:56:14
t1_3571718696,gaming,1355.0,5176,327,0.71,5.04,False,False,None (Human),0.102,2025-10-29 03:24:25
t1_3102797638,funny,798.0,22733,2539,-0.9,4.71,False,False,None (Human),0.095,2025-10-30 14:33:09
t1_3816193760,technology,2946.0,23394,3159,-0.64,4.06,False,False,None (Human),0.081,2025-11-01 14:12:08
t1_375310985,funny,1660.0,24031,10,-0.38,6.96,False,True,Engagement Farmer,0.176,2025-11-02 20:32:55
t1_2903464677,gaming,18.0,29527,3,0.71,6.79,False,True,Engagement Farmer,0.257,2025-11-04 18:10:48
t1_324366128,gaming,2630.0,12611,6,-0.7,6.83,True,True,AI Summarizer,0.194,2025-11-06 03:04:16
t1_1238243073,pics,1256.0,36555,2278,-0.48,5.9,False,False,None (Human),0.118,2025-11-07 08:22:42
t1_1668176893,funny,1921.0,9529,7,0.73,6.24,False,True,Engagement Farmer,0.175,2025-11-09 02:29:03
t1_1653270376,politics,2620.0,5825,79,0.89,4.76,False,False,None (Human),0.1,2025-11-10 14:04:17
t1_2244507305,politics,453.0,362,8,-0.44,5.63,True,True,Engagement Farmer,0.158,2025-11-12 11:42:27
t1_2656014507,technology,2488.0,33280,3398,-0.2,5.2,False,False,None (Human),0.104,2025-11-13 23:59:14
t1_3450696851,worldnews,1207.0,1360,1075,-0.09,5.28,False,False,None (Human),0.106,2025-11-15 14:41:07
t1_965696487,funny,773.0,38728,1253,-0.55,5.44,False,False,None (Human),0.11,2025-11-16 19:39:58
t1_4243564315,politics,982.0,49734,8,0.43,6.04,True,True,Reprint Bot,0.166,2025-11-18 08:39:46
t1_3960357373,worldnews,718.0,18163,1430,-0.21,4.76,False,False,None (Human),0.096,2025-11-20 14:22:08
t1_578246505,technology,1910.0,32578,1,-0.49,6.94,False,True,Engagement Farmer,0.339,2025-11-22 01:14:54
t1_4268182622,funny,2.0,45255,7,0.2,6.05,True,True,AI Summarizer,0.304,2025-11-23 07:24:12
t1_1665478838,gaming,7.0,44473,2,0.68,6.04,True,True,Reprint Bot,0.304,2025-11-25 04:24:57
t1_1431343309,funny,1921.0,22467,10,-0.95,7.12,False,True,Reprint Bot,0.179,2025-11-26 06:42:34
t1_1995728871,funny,2385.0,22980,1698,-0.74,5.12,False,False,None (Human),0.103,2025-11-27 16:57:54
t1_3705924212,politics,2073.0,9470,1411,0.05,5.5,False,False,None (Human),0.11,2025-11-29 20:56:36
t1_1298764177,worldnews,1823.0,40089,737,-0.28,4.91,False,False,None (Human),0.099,2025-12-01 05:53:17
t1_33153070,gaming,2029.0,47008,885,0.73,4.06,False,False,None (Human),0.082,2025-12-02 10:52:28
t1_311414098,technology,18.0,37615,6,-0.57,5.71,True,True,Engagement Farmer,0.192,2025-12-04 02:45:57
t1_1302065550,funny,19.0,18289,2,-0.2,7.09,True,True,Engagement Farmer,0.295,2025-12-05 13:29:50
t1_629022686,gaming,684.0,24720,1865,0.3,4.46,False,False,None (Human),0.09,2025-12-07 09:53:47
t1_126136401,technology,611.0,43513,10,-0.41,7.03,False,True,AI Summarizer,0.178,2025-12-09 06:39:01
t1_2813218574,politics,29.0,30886,2,-0.28,7.4,True,True,Engagement Farmer,0.295,2025-12-10 22:13:34
t1_2522265152,funny,12.0,13477,8,0.99,7.37,True,True,Reprint Bot,0.223,2025-12-12 04:48:18
t1_1055692840,funny,243.0,26013,6,-0.78,7.34,True,True,Engagement Farmer,0.206,2025-12-13 23:50:22
t1_3208338331,gaming,687.0,3768,3,-0.03,6.54,False,True,AI Summarizer,0.231,2025-12-15 17:06:22
t1_2740409696,pics,1966.0,15802,7,0.81,6.67,True,True,AI Summarizer,0.184,2025-12-17 08:37:45
t1_2798291048,pics,1086.0,2671,3576,-0.1,4.49,False,False,None (Human),0.09,2025-12-18 09:12:14
t1_2833345048,politics,926.0,39955,1752,0.77,5.97,False,False,None (Human),0.12,2025-12-20 10:38:44
t1_1118761159,worldnews,327.0,22835,3444,0.34,4.79,False,False,None (Human),0.097,2025-12-22 04:16:43
t1_3278079950,technology,1130.0,28656,7,0.01,6.7,False,True,Reprint Bot,0.184,2025-12-23 01:29:18
t1_1762486769,technology,1194.0,40599,1867,-0.06,4.97,False,False,None (Human),0.1,2025-12-24 21:56:41
t1_1229763193,funny,413.0,43278,2211,0.5,4.65,False,False,None (Human),0.094,2025-12-26 03:16:31
t1_1128519740,technology,18.0,47695,9,0.68,6.96,True,True,Reprint Bot,0.2,2025-12-28 11:46:05
t1_1431480819,funny,876.0,46978,1362,0.64,4.48,False,False,None (Human),0.09,2025-12-29 16:47:46
t1_587282295,worldnews,11.0,43037,1,0.9,6.58,False,True,Engagement Farmer,0.365,2025-12-31 15:26:37
t1_2303104436,technology,2250.0,44344,8,-0.49,5.93,True,True,Engagement Farmer,0.163,2026-01-02 09:11:59
t1_3377852977,politics,696.0,31365,4,-0.6,6.23,False,True,AI Summarizer,0.205,2026-01-03 05:54:43
t1_1248934621,gaming,2834.0,33248,1794,-0.16,5.24,False,False,None (Human),0.105,2026-01-05 14:02:12
t1_2090465617,technology,10.0,47129,10,0.4,6.43,True,True,Engagement Farmer,0.201,2026-01-06 14:49:44
t1_2826827217,gaming,756.0,41179,926,-0.67,4.56,False,False,None (Human),0.092,2026-01-07 19:04:09
t1_2487365745,politics,19.0,41764,7,0.61,6.25,True,True,Engagement Farmer,0.195,2026-01-09 11:30:22
t1_790320850,gaming,479.0,33751,932,0.31,5.54,False,False,None (Human),0.112,2026-01-11 05:43:17
t1_3789482572,technology,1231.0,24251,2911,-0.61,4.45,False,False,None (Human),0.089,2026-01-12 19:09:43
t1_3443259969,technology,6.0,5909,6,0.17,6.29,False,True,Reprint Bot,0.24,2026-01-14 06:22:03
t1_2120823659,politics,1527.0,18603,659,0.82,5.55,False,False,None (Human),0.112,2026-01-16 13:02:37
t1_3829636749,pics,18.0,22820,5,0.48,6.21,True,True,AI Summarizer,0.212,2026-01-18 03:26:26
t1_790954811,funny,2260.0,24732,2517,0.67,4.54,False,False,None (Human),0.091,2026-01-19 14:25:28
t1_3225089789,gaming,21.0,4862,9,0.45,6.79,True,True,Reprint Bot,0.194,2026-01-21 02:03:38
t1_219292478,worldnews,224.0,4080,2870,0.23,4.77,False,False,None (Human),0.097,2026-01-22 05:45:04
t1_1354793597,politics,1214.0,29623,1333,0.03,5.67,False,False,None (Human),0.114,2026-01-23 14:59:58
t1_3457954239,pics,2052.0,42701,2879,0.94,5.38,False,False,None (Human),0.108,2026-01-26 03:04:22
t1_841275053,gaming,2.0,14377,6,0.64,6.5,False,True,AI Summarizer,0.32,2026-01-27 04:46:56
t1_1116491093,worldnews,1958.0,44601,507,0.98,5.9,False,False,None (Human),0.119,2026-01-28 15:19:40
t1_3115228147,gaming,2918.0,12978,2860,-0.03,5.51,False,False,None (Human),0.11,2026-01-30 01:13:32
t1_1445044364,funny,764.0,44842,2,0.15,6.02,False,True,AI Summarizer,0.254,2026-01-31 12:11:11
t1_1747192205,worldnews,18.0,7334,8,0.94,6.25,True,True,Engagement Farmer,0.19,2026-02-02 04:09:48
t1_2643306770,gaming,2436.0,29707,6,-0.65,7.14,True,True,Engagement Farmer,0.2,2026-02-04 01:22:06
t1_1409452662,politics,1514.0,39302,1694,0.47,4.31,False,False,None (Human),0.087,2026-02-05 22:55:08
t1_1300223158,technology,1682.0,31630,6,0.46,5.99,True,True,Reprint Bot,0.177,2026-02-07 08:23:47
t1_3827363384,pics,5.0,1997,10,0.92,5.71,True,True,AI Summarizer,0.217,2026-02-08 20:49:03
t1_2796268538,funny,2095.0,32182,1366,0.9,4.44,False,False,None (Human),0.089,2026-02-10 05:17:41
t1_2594339829,funny,783.0,27712,2921,-0.82,5.09,False,False,None (Human),0.102,2026-02-11 23:58:13
t1_160173488,worldnews,8.0,2420,10,0.39,6.27,False,True,Reprint Bot,0.206,2026-02-13 17:10:39
t1_2215551464,pics,1161.0,35927,3158,-0.25,5.4,False,False,None (Human),0.108,2026-02-15 17:06:11
t1_2214925039,worldnews,133.0,29843,4,0.12,7.34,True,True,Reprint Bot,0.23,2026-02-17 07:55:14
t1_543122540,pics,25.0,31184,2,0.36,5.73,False,True,AI Summarizer,0.263,2026-02-18 03:00:56
t1_3473108110,funny,203.0,45111,4,0.02,5.7,False,True,Reprint Bot,0.196,2026-02-19 22:32:07
t1_3784612423,pics,287.0,25561,7,-0.35,7.23,False,True,AI Summarizer,0.196,2026-02-21 21:38:32
t1_2488854300,technology,12.0,21283,1,-0.21,6.35,False,True,AI Summarizer,0.358,2026-02-23 10:12:47
t1_4130800481,technology,2178.0,43090,5,0.71,5.78,False,True,AI Summarizer,0.182,2026-02-24 15:42:34
t1_3088776262,pics,2672.0,20283,1555,0.21,4.85,False,False,None (Human),0.097,2026-02-26 12:24:19
t1_3049062501,pics,2227.0,4322,1868,-0.38,5.48,False,False,None (Human),0.11,2026-02-27 12:02:51
t1_605144710,politics,2246.0,4009,3197,-0.32,5.42,False,False,None (Human),0.109,2026-03-01 09:01:19
t1_1402418010,funny,-202.0,21024,1063,-0.55,6.71,False,False,None (Human),0.187,08/03/2025
t1_2815115025,pics,309.0,734,36,-0.08,4.97,True,True,Engagement Farmer,0.275,2024-01-07 05:48:46
t1_1536124280,technology,111.0,12809,22,-0.19,4.57,True,True,AI Summarizer,0.306,2024-02-14 16:43:37
t1_1978815630,,1650.0,8164,2321,-0.41,6.39,False,False,None (Human),0.124,2024-03-12
t1_3935814872,pics,426.0,18256,473,-0.24,5.86,False,False,None (Human),0.1,2025-11-17 09:43:13
t1_3940395823,gaming,2595.0,44613,760,0.07,5.23,False,False,None (Human),0.113,2025-12-05 20:16:40
t1_3815087637,gaming,118.0,13764,3,0.59,4.6,True,True,AI Summarizer,0.448,2026-01-05 11:27:25
t1_1941975480,politics,2733.0,33071,645,-0.47,5.24,False,False,None (Human),0.112,2025-08-20 14:32:30
t1_2652563013,funny,666.0,36392,2081,-0.82,4.64,True,False,None (Human),0.156,2025-03-08 21:42:52
t1_1479112937,politics,271.0,4419,36,0.65,4.02,False,True,Reprint Bot,0.39,2024-09-30 23:20:12
t1_3180395476,pics,233.0,353,47,0.66,4.4,True,True,AI Summarizer,0.265,2025-10-02 10:51:57
t1_4990448177,funny,726.0,27504,3183,-0.68,7.36,False,False,None (Human),0.19,2025-05-15 00:42:32
t1_1551437149,gaming,-123.0,1249,16,0.67,5.42,True,True,Reprint Bot,0.341,
t1_2338811290,pics,2351.0,13821,1145,0.06,6.32,False,False,None (Human),0.192,2025-12-07 07:19:25
t1_1945826486,technology,,6418,29,0.69,4.68,True,True,Engagement Farmer,0.236,
t1_1568275055,technology,324.0,1264,15,-0.23,4.05,True,True,Engagement Farmer,0.349,2025-05-12 07:48:00
t1_3005855667,worldnews,2438.0,40762,1996,-0.51,5.92,False,False,None (Human),0.092,2024-12-28 15:25:19
t1_3303329764,gaming,321.0,47129,2736,0.97,4.8,False,False,None (Human),0.121,2024-09-11 06:58:32
t1_3321807489,pics,1828.0,15025,1200,-0.07,7.12,True,False,None (Human),0.177,2024-04-10 01:50:30
t1_4979364815,politics,482.0,18491,741,,5.94,False,False,None (Human),0.188,2024-01-03
t1_1251183830,gaming,1963.0,21694,1792,0.39,6.69,False,False,None (Human),0.16,2024-07-13 10:48:10
t1_4656488400,funny,2320.0,6994,3123,-0.37,4.65,False,False,None (Human),0.19,2024-02-28 18:29:22
t1_3823396242,worldnews,35.0,11362,56,-0.04,4.18,False,True,Engagement Farmer,0.282,2025-09-26 02:59:05
t1_4990103355,politics,2241.0,23733,1128,-0.59,6.65,False,False,None (Human),0.128,2024-11-03 16:38:49
t1_4776436931,funny,397.0,3610,1937,0.24,6.19,True,False,None (Human),0.145,2024-05-15 12:42:25
t1_3849232839,politics,81.0,7479,54,0.3,4.45,False,True,Reprint Bot,0.422,2025-11-14 20:11:32
t1_3170715377,politics,136.0,2191,57,-0.18,4.83,True,True,AI Summarizer,0.371,2024-07-27 23:05:30
t1_2897669065,pics,308.0,9048,2658,-0.15,5.33,True,False,None (Human),0.173,2024-09-25 05:52:58
t1_1636057975,technology,,39759,99,-0.78,7.34,False,False,None (Human),0.099,
t1_4350573756,politics,158.0,6274,58,0.73,5.46,True,True,AI Summarizer,0.309,2025-11-13 03:44:33
t1_4163520297,gaming,1764.0,43675,3129,-0.69,7.29,False,False,None (Human),0.197,2025-02-26 00:54:08
t1_1857158768,gaming,1786.0,46903,3599,0.47,5.24,False,False,None (Human),0.164,2024-02-09 17:08:14
t1_2508161137,politics,1985.0,25915,1310,0.64,7.11,False,False,None (Human),0.16,2024-10-12 02:31:39
t1_3562254028,funny,1737.0,47532,3515,,7.32,True,False,None (Human),0.196,2024-09-28
t1_4975315062,technology,,31599,2543,0.97,4.85,False,False,None (Human),0.104,
t1_2328367510,technology,2913.0,46950,867,-0.27,4.71,False,False,None (Human),0.12,2024-05-07 10:56:03
t1_2292569882,technology,1436.0,29371,2915,-0.41,4.88,False,False,None (Human),0.193,2024-06-27 22:24:36
t1_4409067573,worldnews,156.0,5000,14,0.17,4.87,False,True,AI Summarizer,0.336,2024-08-06 18:36:40
t1_4464161270,gaming,795.0,46178,407,-0.43,6.49,False,False,None (Human),0.092,2024-08-28 11:18:07
t1_2716495971,worldnews,24.0,4311,31,0.37,5.15,True,True,AI Summarizer,0.442,2026-01-05 13:58:48
t1_1215686308,worldnews,353.0,390,58,,5.16,True,True,Engagement Farmer,0.326,2025-12-13
t1_4831197998,pics,597.0,32914,606,0.6,6.5,False,False,None (Human),0.152,2025-03-29 22:18:21
t1_3691864041,worldnews,2344.0,32223,711,0.49,5.92,False,False,None (Human),0.11,2026-02-23 18:58:47
t1_1918920620,pics,40.0,11990,19,,4.5,False,True,Reprint Bot,0.24,2025-01-27
t1_2633724084,technology,170.0,9190,30,0.16,4.31,True,True,Reprint Bot,0.446,2025-12-13 00:42:40
t1_3096929657,gaming,1540.0,22569,3146,-0.22,7.17,False,False,None (Human),0.145,2026-03-30 21:57:49
t1_1115820025,technology,249.0,775,25,0.07,5.02,True,True,Reprint Bot,0.261,2024-05-10 22:39:20
t1_2952918745,gaming,,39987,2775,-0.95,6.43,True,False,None (Human),0.136,
t1_1294713656,pics,,12620,54,0.16,5.25,True,True,Reprint Bot,0.407,
t1_1936150587,technology,2769.0,5638,3149,-0.94,5.24,False,False,None (Human),,2025-04-29 04:09:53
t1_1110287971,technology,1149.0,27175,747,,7.39,False,False,None (Human),0.174,2024-11-14
t1_3578748240,pics,2458.0,47390,1597,-0.21,6.65,True,False,None (Human),0.163,2024-04-14 10:58:49
t1_2861968817,funny,,5691,1482,0.07,6.48,True,False,None (Human),0.158,
t1_2870778191,worldnews,2703.0,33129,2957,-0.69,5.03,False,False,None (Human),0.158,2025-07-05 17:36:12
t1_3869847630,technology,2526.0,20589,1380,0.7,6.99,True,False,None (Human),,2025-04-20 20:44:51
t1_1043598698,technology,254.0,14242,21,-0.1,4.32,False,True,AI Summarizer,0.305,2025-12-19 10:03:31
t1_1399661102,funny,882.0,8610,1048,0.44,5.97,False,False,None (Human),0.163,2025-05-17 16:19:03
t1_4018739003,politics,355.0,4286,20,0.43,4.55,False,True,Reprint Bot,0.306,2025-07-17 12:02:37
t1_4172282824,gaming,1355.0,19475,1004,-0.76,5.08,True,False,None (Human),0.145,2024-07-08 06:58:25
t1_2178158203,gaming,2514.0,37382,2504,,4.8,False,False,None (Human),0.108,2024-01-15
t1_2891799103,worldnews,,5086,45,0.74,4.96,False,True,AI Summarizer,0.246,
t1_2304963614,technology,130.0,14418,31,-0.17,4.1,True,True,AI Summarizer,0.364,2024-06-04 05:25:55
t1_2841810119,technology,61.0,9443,49,0.16,4.89,False,True,AI Summarizer,0.414,2025-03-29 10:49:34
t1_1322401182,technology,-31.0,10288,48,-0.19,5.14,False,True,Engagement Farmer,0.286,02/09/2024
t1_4383695608,politics,231.0,11594,39,0.22,4.05,True,True,Reprint Bot,0.291,2024-03-13 08:29:55
t1_1712632936,funny,2515.0,46331,3352,0.87,5.78,False,False,None (Human),0.158,2024-05-25 02:35:59
t1_1345495128,worldnews,2537.0,40303,1242,-0.12,5.91,False,False,None (Human),0.129,2025-07-06 17:58:42
t1_1172793727,technology,1869.0,24123,2532,-0.5,4.77,False,False,None (Human),0.18,2024-01-22 09:48:45
t1_2494481363,worldnews,817.0,33834,2185,0.3,7.25,False,False,None (Human),0.151,2025-05-18 03:19:19
t1_2953462417,funny,344.0,2013,55,-0.12,4.62,True,True,Reprint Bot,0.386,2026-02-17 20:01:42
t1_3226680251,gaming,166.0,2199,50,0.14,4.77,False,True,Reprint Bot,0.384,2025-02-27 01:58:24
t1_3705925058,funny,321.0,7542,49,-0.24,4.4,True,True,Reprint Bot,0.292,2025-05-11 04:25:15
t1_3781891923,funny,1080.0,49516,708,-0.38,4.54,False,False,None (Human),0.108,2024-04-26 16:48:02
t1_1818665301,worldnews,2141.0,49963,1255,0.02,5.32,False,False,None (Human),,2025-07-18 05:15:58
t1_4118365242,politics,2181.0,11946,3599,-0.86,6.82,False,False,None (Human),0.121,2024-09-30 00:05:36
t1_4734910807,politics,297.0,11112,32,0.65,4.67,True,True,Engagement Farmer,0.303,2025-01-21 16:34:42
t1_4403304832,pics,123.0,9668,25,-0.04,5.16,True,True,Engagement Farmer,0.406,2025-01-25 14:03:24
t1_1065917432,worldnews,723.0,35461,211,-0.75,7.4,False,False,None (Human),0.093,2024-04-12 19:08:57
t1_4690846590,pics,1779.0,45911,692,-0.85,6.84,False,False,None (Human),0.155,2024-03-23 11:57:45
t1_4207337120,gaming,1397.0,44077,3003,0.77,5.96,False,False,None (Human),,2025-12-01 10:27:47
t1_2539588337,politics,,10683,46,0.66,4.67,False,True,AI Summarizer,0.446,
t1_4920570781,worldnews,126.0,9002,27,0.32,5.19,True,True,AI Summarizer,0.24,2025-09-26 08:46:06
t1_1317234448,gaming,1051.0,33221,2672,-0.49,5.27,True,False,None (Human),0.177,2025-11-24 19:54:03
t1_2018790736,,1515.0,41507,1285,0.28,5.77,False,False,None (Human),0.182,2025-01-28
t1_4200490039,technology,295.0,5147,45,0.02,5.47,False,True,Reprint Bot,0.289,2025-12-03 01:47:08
t1_4600630513,pics,1272.0,18081,2546,0.6,5.16,False,False,None (Human),0.111,2026-02-25 00:00:00
t1_2784572192,pics,-322.0,10889,3,0.04,4.66,False,True,AI Summarizer,0.403,29/10/2024
t1_4738326480,pics,277.0,14659,24,0.28,5.37,False,True,AI Summarizer,0.284,2025-05-08 10:44:44
t1_4395953188,funny,240.0,1533,10,0.53,4.34,False,True,AI Summarizer,0.389,2025-07-24 13:19:02
t1_2004257438,pics,275.0,2324,30,0.11,5.12,True,True,Reprint Bot,0.315,2025-01-15 03:56:41
t1_1501119337,worldnews,2637.0,39792,1403,0.83,5.16,True,False,None (Human),0.179,2024-11-05 23:38:17
t1_3522607583,worldnews,156.0,8371,8,-0.19,5.33,True,True,AI Summarizer,0.333,2026-01-30 19:40:04
t1_2909954149,worldnews,,30189,2742,-0.8,5.97,False,False,None (Human),0.194,
t1_3846570058,funny,1585.0,9511,2868,-0.27,7.21,False,False,None (Human),0.088,2024-05-05 16:33:20
t1_3518496186,gaming,-306.0,649,4,0.57,4.37,True,True,Engagement Farmer,0.361,
t1_1472130062,gaming,169.0,12987,10,0.57,4.89,True,True,AI Summarizer,0.466,2025-07-07 09:07:33
t1_1488120041,technology,205.0,11637,120,-0.28,6.87,False,False,None (Human),0.083,2024-05-09 15:19:36
t1_2295492409,technology,2050.0,32378,3246,-0.28,6.28,False,False,None (Human),0.107,2026-01-14 23:59:23
t1_1637088959,technology,227.0,6986,2021,0.69,5.78,True,False,None (Human),0.166,2024-03-23 11:43:39
t1_4406321789,funny,320.0,10672,38,0.3,4.49,False,True,Reprint Bot,0.353,2025-09-11 15:39:47
